"filename", "language", "JSON", "JavaScript", "JSON with Comments", "Markdown", "TypeScript", "XML", "TypeScript JSX", "PostCSS", "comment", "blank", "total"
"/mnt/Study/largify-internship/avoeline/README.md", "Markdown", 0, 0, 0, 23, 0, 0, 0, 0, 0, 14, 37
"/mnt/Study/largify-internship/avoeline/app/auth/signin/page.tsx", "TypeScript JSX", 0, 0, 0, 0, 0, 0, 22, 0, 0, 6, 28
"/mnt/Study/largify-internship/avoeline/app/auth/signin/signinClient.tsx", "TypeScript JSX", 0, 0, 0, 0, 0, 0, 82, 0, 8, 12, 102
"/mnt/Study/largify-internship/avoeline/app/auth/signup/SignupPageClient.tsx", "TypeScript JSX", 0, 0, 0, 0, 0, 0, 166, 0, 7, 13, 186
"/mnt/Study/largify-internship/avoeline/app/auth/signup/organizerSetup/page.tsx", "TypeScript JSX", 0, 0, 0, 0, 0, 0, 8, 0, 0, 3, 11
"/mnt/Study/largify-internship/avoeline/app/auth/signup/page.tsx", "TypeScript JSX", 0, 0, 0, 0, 0, 0, 23, 0, 0, 8, 31
"/mnt/Study/largify-internship/avoeline/app/auth/signup/vendorSetup/page.tsx", "TypeScript JSX", 0, 0, 0, 0, 0, 0, 8, 0, 0, 3, 11
"/mnt/Study/largify-internship/avoeline/app/globals.css", "PostCSS", 0, 0, 0, 0, 0, 0, 0, 226, 9, 36, 271
"/mnt/Study/largify-internship/avoeline/app/layout.tsx", "TypeScript JSX", 0, 0, 0, 0, 0, 0, 37, 0, 0, 6, 43
"/mnt/Study/largify-internship/avoeline/app/mockdata/agenda.mock.ts", "TypeScript", 0, 0, 0, 0, 355, 0, 0, 0, 9, 4, 368
"/mnt/Study/largify-internship/avoeline/app/mockdata/attendee.mock.ts", "TypeScript", 0, 0, 0, 0, 514, 0, 0, 0, 0, 0, 514
"/mnt/Study/largify-internship/avoeline/app/mockdata/bookings.mock.ts", "TypeScript", 0, 0, 0, 0, 1698, 0, 0, 0, 0, 1, 1699
"/mnt/Study/largify-internship/avoeline/app/mockdata/certificates.mock.ts", "TypeScript", 0, 0, 0, 0, 71, 0, 0, 0, 0, 0, 71
"/mnt/Study/largify-internship/avoeline/app/mockdata/events.mock.ts", "TypeScript", 0, 0, 0, 0, 1171, 0, 0, 0, 1, 2, 1174
"/mnt/Study/largify-internship/avoeline/app/mockdata/mockdata.ts", "TypeScript", 0, 0, 0, 0, 25, 0, 0, 0, 0, 9, 34
"/mnt/Study/largify-internship/avoeline/app/mockdata/notifications.mock.ts", "TypeScript", 0, 0, 0, 0, 130, 0, 0, 0, 0, 2, 132
"/mnt/Study/largify-internship/avoeline/app/mockdata/organizers.mock.ts", "TypeScript", 0, 0, 0, 0, 0, 0, 0, 0, 0, 1, 1
"/mnt/Study/largify-internship/avoeline/app/mockdata/registeration.mock.ts", "TypeScript", 0, 0, 0, 0, 412, 0, 0, 0, 0, 0, 412
"/mnt/Study/largify-internship/avoeline/app/mockdata/speakers.mock.ts", "TypeScript", 0, 0, 0, 0, 470, 0, 0, 0, 16, 3, 489
"/mnt/Study/largify-internship/avoeline/app/mockdata/users.mock.ts", "TypeScript", 0, 0, 0, 0, 192, 0, 0, 0, 0, 0, 192
"/mnt/Study/largify-internship/avoeline/app/mockdata/vendors.mock.ts", "TypeScript", 0, 0, 0, 0, 529, 0, 0, 0, 0, 1, 530
"/mnt/Study/largify-internship/avoeline/app/organizer/[organizer_id]/all-vendors/page.tsx", "TypeScript JSX", 0, 0, 0, 0, 0, 0, 156, 0, 10, 27, 193
"/mnt/Study/largify-internship/avoeline/app/organizer/[organizer_id]/analytics/page.tsx", "TypeScript JSX", 0, 0, 0, 0, 0, 0, 270, 0, 4, 18, 292
"/mnt/Study/largify-internship/avoeline/app/organizer/[organizer_id]/booking-details/[booking_id]/counter-offer/ClientCounterOffer.tsx", "TypeScript JSX", 0, 0, 0, 0, 0, 0, 99, 0, 19, 13, 131
"/mnt/Study/largify-internship/avoeline/app/organizer/[organizer_id]/booking-details/[booking_id]/counter-offer/page.tsx", "TypeScript JSX", 0, 0, 0, 0, 0, 0, 38, 0, 0, 10, 48
"/mnt/Study/largify-internship/avoeline/app/organizer/[organizer_id]/booking-details/[booking_id]/page.tsx", "TypeScript JSX", 0, 0, 0, 0, 0, 0, 231, 0, 15, 37, 283
"/mnt/Study/largify-internship/avoeline/app/organizer/[organizer_id]/dashboard/page.tsx", "TypeScript JSX", 0, 0, 0, 0, 0, 0, 124, 0, 9, 19, 152
"/mnt/Study/largify-internship/avoeline/app/organizer/[organizer_id]/events/[eventId]/agenda/create-agenda/page.tsx", "TypeScript JSX", 0, 0, 0, 0, 0, 0, 15, 0, 0, 3, 18
"/mnt/Study/largify-internship/avoeline/app/organizer/[organizer_id]/events/[eventId]/agenda/page.tsx", "TypeScript JSX", 0, 0, 0, 0, 0, 0, 21, 0, 1, 4, 26
"/mnt/Study/largify-internship/avoeline/app/organizer/[organizer_id]/events/[eventId]/attendees/page.tsx", "TypeScript JSX", 0, 0, 0, 0, 0, 0, 36, 0, 0, 5, 41
"/mnt/Study/largify-internship/avoeline/app/organizer/[organizer_id]/events/[eventId]/certificates/certificateClient.tsx", "TypeScript JSX", 0, 0, 0, 0, 0, 0, 341, 0, 18, 46, 405
"/mnt/Study/largify-internship/avoeline/app/organizer/[organizer_id]/events/[eventId]/certificates/page.tsx", "TypeScript JSX", 0, 0, 0, 0, 0, 0, 44, 0, 1, 12, 57
"/mnt/Study/largify-internship/avoeline/app/organizer/[organizer_id]/events/[eventId]/layout.tsx", "TypeScript JSX", 0, 0, 0, 0, 0, 0, 36, 0, 5, 8, 49
"/mnt/Study/largify-internship/avoeline/app/organizer/[organizer_id]/events/[eventId]/page.tsx", "TypeScript JSX", 0, 0, 0, 0, 0, 0, 382, 0, 16, 20, 418
"/mnt/Study/largify-internship/avoeline/app/organizer/[organizer_id]/events/[eventId]/speakers/create-speaker/page.tsx", "TypeScript JSX", 0, 0, 0, 0, 0, 0, 18, 0, 0, 6, 24
"/mnt/Study/largify-internship/avoeline/app/organizer/[organizer_id]/events/[eventId]/speakers/page.tsx", "TypeScript JSX", 0, 0, 0, 0, 0, 0, 74, 0, 3, 10, 87
"/mnt/Study/largify-internship/avoeline/app/organizer/[organizer_id]/events/[eventId]/vendors/page.tsx", "TypeScript JSX", 0, 0, 0, 0, 0, 0, 120, 0, 0, 19, 139
"/mnt/Study/largify-internship/avoeline/app/organizer/[organizer_id]/events/create/page.tsx", "TypeScript JSX", 0, 0, 0, 0, 0, 0, 18, 0, 0, 6, 24
"/mnt/Study/largify-internship/avoeline/app/organizer/[organizer_id]/events/create/pub-succ/page.tsx", "TypeScript JSX", 0, 0, 0, 0, 0, 0, 38, 0, 4, 9, 51
"/mnt/Study/largify-internship/avoeline/app/organizer/[organizer_id]/events/page.tsx", "TypeScript JSX", 0, 0, 0, 0, 0, 0, 185, 0, 0, 24, 209
"/mnt/Study/largify-internship/avoeline/app/organizer/[organizer_id]/notifications/page.tsx", "TypeScript JSX", 0, 0, 0, 0, 0, 0, 367, 0, 10, 29, 406
"/mnt/Study/largify-internship/avoeline/app/organizer/[organizer_id]/page.tsx", "TypeScript JSX", 0, 0, 0, 0, 0, 0, 8, 0, 0, 3, 11
"/mnt/Study/largify-internship/avoeline/app/organizer/[organizer_id]/profile/page.tsx", "TypeScript JSX", 0, 0, 0, 0, 0, 0, 5, 0, 449, 39, 493
"/mnt/Study/largify-internship/avoeline/app/organizer/[organizer_id]/quotes/Acceptbutton.tsx", "TypeScript JSX", 0, 0, 0, 0, 0, 0, 16, 0, 0, 4, 20
"/mnt/Study/largify-internship/avoeline/app/organizer/[organizer_id]/quotes/page.tsx", "TypeScript JSX", 0, 0, 0, 0, 0, 0, 392, 0, 38, 49, 479
"/mnt/Study/largify-internship/avoeline/app/organizer/[organizer_id]/vendor-marketplace/page.tsx", "TypeScript JSX", 0, 0, 0, 0, 0, 0, 215, 0, 35, 29, 279
"/mnt/Study/largify-internship/avoeline/app/organizer/[organizer_id]/view-vendor/[vendor_id]/page.tsx", "TypeScript JSX", 0, 0, 0, 0, 0, 0, 510, 0, 31, 46, 587
"/mnt/Study/largify-internship/avoeline/app/organizer/[organizer_id]/view-vendor/[vendor_id]/req-quote/page.tsx", "TypeScript JSX", 0, 0, 0, 0, 0, 0, 142, 0, 19, 18, 179
"/mnt/Study/largify-internship/avoeline/app/organizer/[organizer_id]/view-vendor/page.tsx", "TypeScript JSX", 0, 0, 0, 0, 0, 0, 9, 0, 0, 1, 10
"/mnt/Study/largify-internship/avoeline/app/organizer/layout.tsx", "TypeScript JSX", 0, 0, 0, 0, 0, 0, 23, 0, 0, 4, 27
"/mnt/Study/largify-internship/avoeline/app/page.tsx", "TypeScript JSX", 0, 0, 0, 0, 0, 0, 405, 0, 18, 23, 446
"/mnt/Study/largify-internship/avoeline/app/vendor/[vendor_id]/bookings/[booking_id]/page.tsx", "TypeScript JSX", 0, 0, 0, 0, 0, 0, 239, 0, 14, 33, 286
"/mnt/Study/largify-internship/avoeline/app/vendor/[vendor_id]/bookings/page.tsx", "TypeScript JSX", 0, 0, 0, 0, 0, 0, 348, 0, 30, 46, 424
"/mnt/Study/largify-internship/avoeline/app/vendor/[vendor_id]/dashboard/page.tsx", "TypeScript JSX", 0, 0, 0, 0, 0, 0, 423, 0, 20, 54, 497
"/mnt/Study/largify-internship/avoeline/app/vendor/[vendor_id]/profile/page.tsx", "TypeScript JSX", 0, 0, 0, 0, 0, 0, 488, 0, 34, 53, 575
"/mnt/Study/largify-internship/avoeline/app/vendor/[vendor_id]/quotes/[quote_detail_id]/page.tsx", "TypeScript JSX", 0, 0, 0, 0, 0, 0, 457, 0, 26, 43, 526
"/mnt/Study/largify-internship/avoeline/app/vendor/[vendor_id]/quotes/page.tsx", "TypeScript JSX", 0, 0, 0, 0, 0, 0, 377, 0, 25, 45, 447
"/mnt/Study/largify-internship/avoeline/app/vendor/[vendor_id]/quotes/prep-quote/[prep_quote_id]/page.tsx", "TypeScript JSX", 0, 0, 0, 0, 0, 0, 128, 0, 8, 18, 154
"/mnt/Study/largify-internship/avoeline/app/vendor/[vendor_id]/services/add-service/page.tsx", "TypeScript JSX", 0, 0, 0, 0, 0, 0, 270, 0, 23, 32, 325
"/mnt/Study/largify-internship/avoeline/app/vendor/[vendor_id]/services/page.tsx", "TypeScript JSX", 0, 0, 0, 0, 0, 0, 256, 0, 27, 31, 314
"/mnt/Study/largify-internship/avoeline/app/vendor/layout.tsx", "TypeScript JSX", 0, 0, 0, 0, 0, 0, 19, 0, 0, 4, 23
"/mnt/Study/largify-internship/avoeline/data/admin_db.ts", "TypeScript", 0, 0, 0, 0, 14, 0, 0, 0, 0, 2, 16
"/mnt/Study/largify-internship/avoeline/eslint.config.mjs", "JavaScript", 0, 14, 0, 0, 0, 0, 0, 0, 2, 3, 19
"/mnt/Study/largify-internship/avoeline/next.config.ts", "TypeScript", 0, 0, 0, 0, 13, 0, 0, 0, 1, 3, 17
"/mnt/Study/largify-internship/avoeline/package-lock.json", "JSON", 11143, 0, 0, 0, 0, 0, 0, 0, 0, 1, 11144
"/mnt/Study/largify-internship/avoeline/package.json", "JSON", 33, 0, 0, 0, 0, 0, 0, 0, 0, 1, 34
"/mnt/Study/largify-internship/avoeline/postcss.config.mjs", "JavaScript", 0, 6, 0, 0, 0, 0, 0, 0, 0, 2, 8
"/mnt/Study/largify-internship/avoeline/proxy.ts", "TypeScript", 0, 0, 0, 0, 45, 0, 0, 0, 2, 11, 58
"/mnt/Study/largify-internship/avoeline/public/file.svg", "XML", 0, 0, 0, 0, 0, 1, 0, 0, 0, 0, 1
"/mnt/Study/largify-internship/avoeline/public/globe.svg", "XML", 0, 0, 0, 0, 0, 1, 0, 0, 0, 0, 1
"/mnt/Study/largify-internship/avoeline/public/next.svg", "XML", 0, 0, 0, 0, 0, 1, 0, 0, 0, 0, 1
"/mnt/Study/largify-internship/avoeline/public/vercel.svg", "XML", 0, 0, 0, 0, 0, 1, 0, 0, 0, 0, 1
"/mnt/Study/largify-internship/avoeline/public/window.svg", "XML", 0, 0, 0, 0, 0, 1, 0, 0, 0, 0, 1
"/mnt/Study/largify-internship/avoeline/seeding.js", "JavaScript", 0, 19, 0, 0, 0, 0, 0, 0, 0, 9, 28
"/mnt/Study/largify-internship/avoeline/src/features/agendas/actions/createAgenda.action.ts", "TypeScript", 0, 0, 0, 0, 45, 0, 0, 0, 0, 7, 52
"/mnt/Study/largify-internship/avoeline/src/features/agendas/agenda.service.ts", "TypeScript", 0, 0, 0, 0, 129, 0, 0, 0, 32, 17, 178
"/mnt/Study/largify-internship/avoeline/src/features/agendas/components/AgendaClientContent.tsx", "TypeScript JSX", 0, 0, 0, 0, 0, 0, 36, 0, 1, 7, 44
"/mnt/Study/largify-internship/avoeline/src/features/agendas/components/AgendaHeader.tsx", "TypeScript JSX", 0, 0, 0, 0, 0, 0, 71, 0, 3, 13, 87
"/mnt/Study/largify-internship/avoeline/src/features/agendas/components/AgendaTimeline.tsx", "TypeScript JSX", 0, 0, 0, 0, 0, 0, 323, 0, 28, 25, 376
"/mnt/Study/largify-internship/avoeline/src/features/agendas/components/CreateAgendaForm.tsx", "TypeScript JSX", 0, 0, 0, 0, 0, 0, 229, 0, 14, 21, 264
"/mnt/Study/largify-internship/avoeline/src/features/agendas/types/agenda.ts", "TypeScript", 0, 0, 0, 0, 6, 0, 0, 0, 2, 1, 9
"/mnt/Study/largify-internship/avoeline/src/features/agendas/types/speaker.ts", "TypeScript", 0, 0, 0, 0, 10, 0, 0, 0, 3, 3, 16
"/mnt/Study/largify-internship/avoeline/src/features/analytics/types.ts", "TypeScript", 0, 0, 0, 0, 18, 0, 0, 0, 0, 3, 21
"/mnt/Study/largify-internship/avoeline/src/features/auth/authService.ts", "TypeScript", 0, 0, 0, 0, 171, 0, 0, 0, 14, 35, 220
"/mnt/Study/largify-internship/avoeline/src/features/bookings/bookings.service.ts", "TypeScript", 0, 0, 0, 0, 353, 0, 0, 0, 19, 65, 437
"/mnt/Study/largify-internship/avoeline/src/features/bookings/shared_components/BookingsCard.tsx", "TypeScript JSX", 0, 0, 0, 0, 0, 0, 74, 0, 9, 13, 96
"/mnt/Study/largify-internship/avoeline/src/features/bookings/shared_components/VendorBookingDetailClient.tsx", "TypeScript JSX", 0, 0, 0, 0, 0, 0, 515, 0, 24, 50, 589
"/mnt/Study/largify-internship/avoeline/src/features/bookings/shared_components/VendorPrepBookingClient.tsx", "TypeScript JSX", 0, 0, 0, 0, 0, 0, 521, 0, 23, 59, 603
"/mnt/Study/largify-internship/avoeline/src/features/bookings/types.ts", "TypeScript", 0, 0, 0, 0, 137, 0, 0, 0, 15, 24, 176
"/mnt/Study/largify-internship/avoeline/src/features/dashboard/components/RecentRegistrations.tsx", "TypeScript JSX", 0, 0, 0, 0, 0, 0, 51, 0, 0, 4, 55
"/mnt/Study/largify-internship/avoeline/src/features/dashboard/components/RegistrationTrendChart.tsx", "TypeScript JSX", 0, 0, 0, 0, 0, 0, 39, 0, 5, 10, 54
"/mnt/Study/largify-internship/avoeline/src/features/dashboard/components/TodaysSchedule.tsx", "TypeScript JSX", 0, 0, 0, 0, 0, 0, 64, 0, 0, 7, 71
"/mnt/Study/largify-internship/avoeline/src/features/dashboard/components/UpcomingEvents.tsx", "TypeScript JSX", 0, 0, 0, 0, 0, 0, 42, 0, 0, 7, 49
"/mnt/Study/largify-internship/avoeline/src/features/dashboard/types.ts", "TypeScript", 0, 0, 0, 0, 23, 0, 0, 0, 3, 5, 31
"/mnt/Study/largify-internship/avoeline/src/features/event_attendee/attendee.service.ts", "TypeScript", 0, 0, 0, 0, 85, 0, 0, 0, 1, 19, 105
"/mnt/Study/largify-internship/avoeline/src/features/event_attendee/components/AttendeeCard.tsx", "TypeScript JSX", 0, 0, 0, 0, 0, 0, 24, 0, 0, 1, 25
"/mnt/Study/largify-internship/avoeline/src/features/event_attendee/components/AttendeeClientSide.tsx", "TypeScript JSX", 0, 0, 0, 0, 0, 0, 144, 0, 8, 20, 172
"/mnt/Study/largify-internship/avoeline/src/features/event_attendee/components/AttendeeInput.tsx", "TypeScript JSX", 0, 0, 0, 0, 0, 0, 28, 0, 0, 3, 31
"/mnt/Study/largify-internship/avoeline/src/features/event_attendee/components/AttendeeListItem.tsx", "TypeScript JSX", 0, 0, 0, 0, 0, 0, 80, 0, 7, 9, 96
"/mnt/Study/largify-internship/avoeline/src/features/event_attendee/components/SingleAttendeeView.tsx", "TypeScript JSX", 0, 0, 0, 0, 0, 0, 150, 0, 7, 17, 174
"/mnt/Study/largify-internship/avoeline/src/features/event_attendee/type.ts", "TypeScript", 0, 0, 0, 0, 59, 0, 0, 0, 0, 6, 65
"/mnt/Study/largify-internship/avoeline/src/features/event_speakers/components/CreateSpeakerForm.tsx", "TypeScript JSX", 0, 0, 0, 0, 0, 0, 124, 0, 14, 15, 153
"/mnt/Study/largify-internship/avoeline/src/features/event_speakers/components/SpeakerCard.tsx", "TypeScript JSX", 0, 0, 0, 0, 0, 0, 21, 0, 8, 8, 37
"/mnt/Study/largify-internship/avoeline/src/features/event_speakers/components/SpeakerSearchBar.tsx", "TypeScript JSX", 0, 0, 0, 0, 0, 0, 32, 0, 3, 5, 40
"/mnt/Study/largify-internship/avoeline/src/features/event_speakers/types/speaker.ts", "TypeScript", 0, 0, 0, 0, 0, 0, 0, 0, 0, 1, 1
"/mnt/Study/largify-internship/avoeline/src/features/event_speakers/types/speakers.service.ts", "TypeScript", 0, 0, 0, 0, 42, 0, 0, 0, 4, 10, 56
"/mnt/Study/largify-internship/avoeline/src/features/event_vendors/event_venders.services.ts", "TypeScript", 0, 0, 0, 0, 137, 0, 0, 0, 1, 30, 168
"/mnt/Study/largify-internship/avoeline/src/features/events/components/EventsTab.tsx", "TypeScript JSX", 0, 0, 0, 0, 0, 0, 0, 0, 33, 9, 42
"/mnt/Study/largify-internship/avoeline/src/features/events/components/wizard/EventWizardLayout.tsx", "TypeScript JSX", 0, 0, 0, 0, 0, 0, 1249, 0, 54, 91, 1394
"/mnt/Study/largify-internship/avoeline/src/features/events/components/wizard/results/EventFailed.tsx", "TypeScript JSX", 0, 0, 0, 0, 0, 0, 0, 0, 0, 1, 1
"/mnt/Study/largify-internship/avoeline/src/features/events/components/wizard/results/EventSucceeded.tsx", "TypeScript JSX", 0, 0, 0, 0, 0, 0, 0, 0, 0, 1, 1
"/mnt/Study/largify-internship/avoeline/src/features/events/components/wizard/results/components/ActionButtons.tsx", "TypeScript JSX", 0, 0, 0, 0, 0, 0, 40, 0, 3, 5, 48
"/mnt/Study/largify-internship/avoeline/src/features/events/components/wizard/results/components/EventStats.tsx", "TypeScript JSX", 0, 0, 0, 0, 0, 0, 24, 0, 0, 4, 28
"/mnt/Study/largify-internship/avoeline/src/features/events/components/wizard/results/components/ShareRow.tsx", "TypeScript JSX", 0, 0, 0, 0, 0, 0, 43, 0, 0, 6, 49
"/mnt/Study/largify-internship/avoeline/src/features/events/components/wizard/results/components/SuccessHeader.tsx", "TypeScript JSX", 0, 0, 0, 0, 0, 0, 16, 0, 0, 1, 17
"/mnt/Study/largify-internship/avoeline/src/features/events/components/wizard/results/components/SuccessIcon.tsx", "TypeScript JSX", 0, 0, 0, 0, 0, 0, 21, 0, 0, 0, 21
"/mnt/Study/largify-internship/avoeline/src/features/events/components/wizard/steps/Step1.tsx", "TypeScript JSX", 0, 0, 0, 0, 0, 0, 0, 0, 0, 1, 1
"/mnt/Study/largify-internship/avoeline/src/features/events/event.controller.ts", "TypeScript", 0, 0, 0, 0, 11, 0, 0, 0, 0, 1, 12
"/mnt/Study/largify-internship/avoeline/src/services/anaylService.ts", "TypeScript", 0, 0, 0, 0, 386, 0, 0, 0, 22, 73, 481
"/mnt/Study/largify-internship/avoeline/src/services/certificate.service.ts", "TypeScript", 0, 0, 0, 0, 174, 0, 0, 0, 3, 20, 197
"/mnt/Study/largify-internship/avoeline/src/services/event.service.ts", "TypeScript", 0, 0, 0, 0, 228, 0, 0, 0, 15, 35, 278
"/mnt/Study/largify-internship/avoeline/src/services/models/agenda.model.tsx", "TypeScript JSX", 0, 0, 0, 0, 0, 0, 29, 0, 0, 5, 34
"/mnt/Study/largify-internship/avoeline/src/services/models/certificate.model.ts", "TypeScript", 0, 0, 0, 0, 78, 0, 0, 0, 0, 6, 84
"/mnt/Study/largify-internship/avoeline/src/services/models/event.model.tsx", "TypeScript JSX", 0, 0, 0, 0, 0, 0, 402, 0, 8, 47, 457
"/mnt/Study/largify-internship/avoeline/src/services/models/notification.model.ts", "TypeScript", 0, 0, 0, 0, 76, 0, 0, 0, 0, 9, 85
"/mnt/Study/largify-internship/avoeline/src/services/models/organizer.interfaces.ts", "TypeScript", 0, 0, 0, 0, 115, 0, 0, 0, 2, 17, 134
"/mnt/Study/largify-internship/avoeline/src/services/models/organizer.model.ts", "TypeScript", 0, 0, 0, 0, 89, 0, 0, 0, 4, 12, 105
"/mnt/Study/largify-internship/avoeline/src/services/models/reg.type.ts", "TypeScript", 0, 0, 0, 0, 75, 0, 0, 0, 0, 8, 83
"/mnt/Study/largify-internship/avoeline/src/services/models/user.type.ts", "TypeScript", 0, 0, 0, 0, 50, 0, 0, 0, 0, 4, 54
"/mnt/Study/largify-internship/avoeline/src/services/models/vendor.model.ts", "TypeScript", 0, 0, 0, 0, 153, 0, 0, 0, 13, 15, 181
"/mnt/Study/largify-internship/avoeline/src/services/notification.services.ts", "TypeScript", 0, 0, 0, 0, 79, 0, 0, 0, 0, 3, 82
"/mnt/Study/largify-internship/avoeline/src/services/organizer.service.ts", "TypeScript", 0, 0, 0, 0, 103, 0, 0, 0, 12, 18, 133
"/mnt/Study/largify-internship/avoeline/src/services/registeration.service.ts", "TypeScript", 0, 0, 0, 0, 88, 0, 0, 0, 3, 17, 108
"/mnt/Study/largify-internship/avoeline/src/services/user.service.ts", "TypeScript", 0, 0, 0, 0, 52, 0, 0, 0, 0, 11, 63
"/mnt/Study/largify-internship/avoeline/src/shared_components/home/AnalyticsCardMockup.tsx", "TypeScript JSX", 0, 0, 0, 0, 0, 0, 156, 0, 10, 5, 171
"/mnt/Study/largify-internship/avoeline/src/shared_components/home/HomeFooter.tsx", "TypeScript JSX", 0, 0, 0, 0, 0, 0, 208, 0, 4, 6, 218
"/mnt/Study/largify-internship/avoeline/src/shared_components/home/HomeHeader.tsx", "TypeScript JSX", 0, 0, 0, 0, 0, 0, 87, 0, 4, 4, 95
"/mnt/Study/largify-internship/avoeline/src/shared_components/organizer/EventTab.tsx", "TypeScript JSX", 0, 0, 0, 0, 0, 0, 52, 0, 0, 8, 60
"/mnt/Study/largify-internship/avoeline/src/shared_components/organizer/OrganizerFooter.tsx", "TypeScript JSX", 0, 0, 0, 0, 0, 0, 23, 0, 3, 4, 30
"/mnt/Study/largify-internship/avoeline/src/shared_components/organizer/OrganizerHeader.tsx", "TypeScript JSX", 0, 0, 0, 0, 0, 0, 75, 0, 3, 9, 87
"/mnt/Study/largify-internship/avoeline/src/shared_components/organizer/PathProvides.tsx", "TypeScript JSX", 0, 0, 0, 0, 0, 0, 10, 0, 0, 1, 11
"/mnt/Study/largify-internship/avoeline/src/shared_components/organizer/StatCard_dashboard.tsx", "TypeScript JSX", 0, 0, 0, 0, 0, 0, 25, 0, 0, 6, 31
"/mnt/Study/largify-internship/avoeline/src/shared_components/vendor/VendorHeader.tsx", "TypeScript JSX", 0, 0, 0, 0, 0, 0, 42, 0, 0, 12, 54
"/mnt/Study/largify-internship/avoeline/tsconfig.json", "JSON with Comments", 0, 0, 34, 0, 0, 0, 0, 0, 0, 1, 35
"Total", "-", 11176, 39, 34, 23, 8611, 5, 12759, 226, 1411, 2052, 36336